usage_log_id,line_id,item_type,used_amount,log_month,created_at,updated_at
1,1,VOICE,457,2025-12,2026-01-25 22:24:20,2026-01-25 22:24:20
2,1,VIDEO,1033,2025-12,2026-01-25 22:24:20,2026-01-25 22:24:20
3,2,VOICE,1317,2025-12,2026-01-25 22:24:20,2026-01-25 22:24:20
4,2,VIDEO,1564,2025-12,2026-01-25 22:24:20,2026-01-25 22:24:20
5,3,VOICE,1991,2025-12,2026-01-25 22:24:20,2026-01-25 22:24:20
6,3,VIDEO,607,2025-12,2026-01-25 22:24:20,2026-01-25 22:24:20
7,4,VOICE,105,2025-12,2026-01-25 22:24:20,2026-01-25 22:24:20
8,4,VIDEO,1600,2025-12,2026-01-25 22:24:20,2026-01-25 22:24:20
9,5,VOICE,257,2025-12,2026-01-25 22:24:20,2026-01-25 22:24:20
10,5,VIDEO,1366,2025-12,2026-01-25 22:24:20,2026-01-25 22:24:20
11,6,VOICE,809,2025-12,2026-01-25 22:24:20,2026-01-25 22:24:20
12,6,VIDEO,282,2025-12,2026-01-25 22:24:20,2026-01-25 22:24:20
13,7,VOICE,1112,2025-12,2026-01-25 22:24:20,2026-01-25 22:24:20
14,7,VIDEO,1845,2025-12,2026-01-25 22:24:20,2026-01-25 22:24:20
15,8,VOICE,242,2025-12,2026-01-25 22:24:20,2026-01-25 22:24:20
16,8,VIDEO,890,2025-12,2026-01-25 22:24:20,2026-01-25 22:24:20
17,9,VOICE,1424,2025-12,2026-01-25 22:24:20,2026-01-25 22:24:20
18,9,VIDEO,1005,2025-12,2026-01-25 22:24:20,2026-01-25 22:24:20
19,10,VOICE,148,2025-12,2026-01-25 22:24:20,2026-01-25 22:24:20
20,10,VIDEO,575,2025-12,2026-01-25 22:24:20,2026-01-25 22:24:20
21,11,VOICE,944,2025-12,2026-01-25 22:24:20,2026-01-25 22:24:20
22,11,VIDEO,760,2025-12,2026-01-25 22:24:20,2026-01-25 22:24:20
23,12,VOICE,835,2025-12,2026-01-25 22:24:20,2026-01-25 22:24:20
24,12,VIDEO,1984,2025-12,2026-01-25 22:24:20,2026-01-25 22:24:20
25,13,VOICE,689,2025-12,2026-01-25 22:24:20,2026-01-25 22:24:20
26,13,VIDEO,588,2025-12,2026-01-25 22:24:20,2026-01-25 22:24:20
27,14,VOICE,549,2025-12,2026-01-25 22:24:20,2026-01-25 22:24:20
28,14,VIDEO,1104,2025-12,2026-01-25 22:24:20,2026-01-25 22:24:20
29,15,VOICE,902,2025-12,2026-01-25 22:24:20,2026-01-25 22:24:20
30,15,VIDEO,456,2025-12,2026-01-25 22:24:20,2026-01-25 22:24:20
31,16,VOICE,1595,2025-12,2026-01-25 22:24:20,2026-01-25 22:24:20
32,16,VIDEO,1368,2025-12,2026-01-25 22:24:20,2026-01-25 22:24:20
33,17,VOICE,1814,2025-12,2026-01-25 22:24:20,2026-01-25 22:24:20
34,17,VIDEO,446,2025-12,2026-01-25 22:24:20,2026-01-25 22:24:20
35,18,VOICE,1099,2025-12,2026-01-25 22:24:20,2026-01-25 22:24:20
36,18,VIDEO,1768,2025-12,2026-01-25 22:24:20,2026-01-25 22:24:20
37,19,VOICE,1384,2025-12,2026-01-25 22:24:20,2026-01-25 22:24:20
38,19,VIDEO,147,2025-12,2026-01-25 22:24:20,2026-01-25 22:24:20
39,20,VOICE,1579,2025-12,2026-01-25 22:24:20,2026-01-25 22:24:20
40,20,VIDEO,1274,2025-12,2026-01-25 22:24:20,2026-01-25 22:24:20
41,21,VOICE,1506,2025-12,2026-01-25 22:24:20,2026-01-25 22:24:20
42,21,VIDEO,839,2025-12,2026-01-25 22:24:20,2026-01-25 22:24:20
43,22,VOICE,1525,2025-12,2026-01-25 22:24:20,2026-01-25 22:24:20
44,22,VIDEO,850,2025-12,2026-01-25 22:24:20,2026-01-25 22:24:20
45,23,VOICE,1328,2025-12,2026-01-25 22:24:20,2026-01-25 22:24:20
46,23,VIDEO,1964,2025-12,2026-01-25 22:24:20,2026-01-25 22:24:20
47,24,VOICE,1560,2025-12,2026-01-25 22:24:20,2026-01-25 22:24:20
48,24,VIDEO,752,2025-12,2026-01-25 22:24:20,2026-01-25 22:24:20
49,25,VOICE,173,2025-12,2026-01-25 22:24:20,2026-01-25 22:24:20
50,25,VIDEO,1158,2025-12,2026-01-25 22:24:20,2026-01-25 22:24:20
51,26,VOICE,1494,2025-12,2026-01-25 22:24:20,2026-01-25 22:24:20
52,26,VIDEO,976,2025-12,2026-01-25 22:24:20,2026-01-25 22:24:20
53,27,VOICE,1893,2025-12,2026-01-25 22:24:20,2026-01-25 22:24:20
54,27,VIDEO,1799,2025-12,2026-01-25 22:24:20,2026-01-25 22:24:20
55,28,VOICE,577,2025-12,2026-01-25 22:24:20,2026-01-25 22:24:20
56,28,VIDEO,1363,2025-12,2026-01-25 22:24:20,2026-01-25 22:24:20
57,29,VOICE,741,2025-12,2026-01-25 22:24:20,2026-01-25 22:24:20
58,29,VIDEO,416,2025-12,2026-01-25 22:24:20,2026-01-25 22:24:20
59,30,VOICE,1038,2025-12,2026-01-25 22:24:20,2026-01-25 22:24:20
60,30,VIDEO,1940,2025-12,2026-01-25 22:24:20,2026-01-25 22:24:20
61,31,VOICE,747,2025-12,2026-01-25 22:24:20,2026-01-25 22:24:20
62,31,VIDEO,999,2025-12,2026-01-25 22:24:20,2026-01-25 22:24:20
63,32,VOICE,1446,2025-12,2026-01-25 22:24:20,2026-01-25 22:24:20
64,32,VIDEO,1715,2025-12,2026-01-25 22:24:20,2026-01-25 22:24:20
65,33,VOICE,324,2025-12,2026-01-25 22:24:20,2026-01-25 22:24:20
66,33,VIDEO,1497,2025-12,2026-01-25 22:24:20,2026-01-25 22:24:20
67,34,VOICE,1746,2025-12,2026-01-25 22:24:20,2026-01-25 22:24:20
68,34,VIDEO,916,2025-12,2026-01-25 22:24:20,2026-01-25 22:24:20
69,35,VOICE,1370,2025-12,2026-01-25 22:24:20,2026-01-25 22:24:20
70,35,VIDEO,1696,2025-12,2026-01-25 22:24:20,2026-01-25 22:24:20
71,36,VOICE,1301,2025-12,2026-01-25 22:24:20,2026-01-25 22:24:20
72,36,VIDEO,1002,2025-12,2026-01-25 22:24:20,2026-01-25 22:24:20
73,37,VOICE,594,2025-12,2026-01-25 22:24:20,2026-01-25 22:24:20
74,37,VIDEO,995,2025-12,2026-01-25 22:24:20,2026-01-25 22:24:20
75,38,VOICE,1474,2025-12,2026-01-25 22:24:20,2026-01-25 22:24:20
76,38,VIDEO,332,2025-12,2026-01-25 22:24:20,2026-01-25 22:24:20
77,39,VOICE,1628,2025-12,2026-01-25 22:24:20,2026-01-25 22:24:20
78,39,VIDEO,1576,2025-12,2026-01-25 22:24:20,2026-01-25 22:24:20
79,40,VOICE,1714,2025-12,2026-01-25 22:24:20,2026-01-25 22:24:20
80,40,VIDEO,211,2025-12,2026-01-25 22:24:20,2026-01-25 22:24:20
81,41,VOICE,1801,2025-12,2026-01-25 22:24:20,2026-01-25 22:24:20
82,41,VIDEO,1399,2025-12,2026-01-25 22:24:20,2026-01-25 22:24:20
83,42,VOICE,1602,2025-12,2026-01-25 22:24:20,2026-01-25 22:24:20
84,42,VIDEO,1458,2025-12,2026-01-25 22:24:20,2026-01-25 22:24:20
85,43,VOICE,1210,2025-12,2026-01-25 22:24:20,2026-01-25 22:24:20
86,43,VIDEO,925,2025-12,2026-01-25 22:24:20,2026-01-25 22:24:20
87,44,VOICE,1980,2025-12,2026-01-25 22:24:20,2026-01-25 22:24:20
88,44,VIDEO,1599,2025-12,2026-01-25 22:24:20,2026-01-25 22:24:20
89,45,VOICE,585,2025-12,2026-01-25 22:24:20,2026-01-25 22:24:20
90,45,VIDEO,577,2025-12,2026-01-25 22:24:20,2026-01-25 22:24:20
91,46,VOICE,540,2025-12,2026-01-25 22:24:20,2026-01-25 22:24:20
92,46,VIDEO,120,2025-12,2026-01-25 22:24:20,2026-01-25 22:24:20
93,47,VOICE,664,2025-12,2026-01-25 22:24:20,2026-01-25 22:24:20
94,47,VIDEO,1948,2025-12,2026-01-25 22:24:20,2026-01-25 22:24:20
95,48,VOICE,1550,2025-12,2026-01-25 22:24:20,2026-01-25 22:24:20
96,48,VIDEO,576,2025-12,2026-01-25 22:24:20,2026-01-25 22:24:20
97,49,VOICE,1848,2025-12,2026-01-25 22:24:20,2026-01-25 22:24:20
98,49,VIDEO,147,2025-12,2026-01-25 22:24:20,2026-01-25 22:24:20
99,50,VOICE,816,2025-12,2026-01-25 22:24:20,2026-01-25 22:24:20
100,50,VIDEO,102,2025-12,2026-01-25 22:24:20,2026-01-25 22:24:20
101,51,VOICE,122,2025-12,2026-01-25 22:24:20,2026-01-25 22:24:20
102,51,VIDEO,1948,2025-12,2026-01-25 22:24:20,2026-01-25 22:24:20
103,52,VOICE,829,2025-12,2026-01-25 22:24:20,2026-01-25 22:24:20
104,52,VIDEO,1269,2025-12,2026-01-25 22:24:20,2026-01-25 22:24:20
105,53,VOICE,997,2025-12,2026-01-25 22:24:20,2026-01-25 22:24:20
106,53,VIDEO,875,2025-12,2026-01-25 22:24:20,2026-01-25 22:24:20
107,54,VOICE,1691,2025-12,2026-01-25 22:24:20,2026-01-25 22:24:20
108,54,VIDEO,985,2025-12,2026-01-25 22:24:20,2026-01-25 22:24:20
109,55,VOICE,1236,2025-12,2026-01-25 22:24:20,2026-01-25 22:24:20
110,55,VIDEO,916,2025-12,2026-01-25 22:24:20,2026-01-25 22:24:20
111,56,VOICE,529,2025-12,2026-01-25 22:24:20,2026-01-25 22:24:20
112,56,VIDEO,384,2025-12,2026-01-25 22:24:20,2026-01-25 22:24:20
113,57,VOICE,380,2025-12,2026-01-25 22:24:20,2026-01-25 22:24:20
114,57,VIDEO,930,2025-12,2026-01-25 22:24:20,2026-01-25 22:24:20
115,58,VOICE,1128,2025-12,2026-01-25 22:24:20,2026-01-25 22:24:20
116,58,VIDEO,1152,2025-12,2026-01-25 22:24:20,2026-01-25 22:24:20
117,59,VOICE,210,2025-12,2026-01-25 22:24:20,2026-01-25 22:24:20
118,59,VIDEO,343,2025-12,2026-01-25 22:24:20,2026-01-25 22:24:20
119,60,VOICE,682,2025-12,2026-01-25 22:24:20,2026-01-25 22:24:20
120,60,VIDEO,850,2025-12,2026-01-25 22:24:20,2026-01-25 22:24:20
121,61,VOICE,176,2025-12,2026-01-25 22:24:20,2026-01-25 22:24:20
122,61,VIDEO,177,2025-12,2026-01-25 22:24:20,2026-01-25 22:24:20
123,62,VOICE,565,2025-12,2026-01-25 22:24:20,2026-01-25 22:24:20
124,62,VIDEO,1598,2025-12,2026-01-25 22:24:20,2026-01-25 22:24:20
125,63,VOICE,1510,2025-12,2026-01-25 22:24:20,2026-01-25 22:24:20
126,63,VIDEO,580,2025-12,2026-01-25 22:24:20,2026-01-25 22:24:20
127,64,VOICE,578,2025-12,2026-01-25 22:24:20,2026-01-25 22:24:20
128,64,VIDEO,623,2025-12,2026-01-25 22:24:20,2026-01-25 22:24:20
129,65,VOICE,403,2025-12,2026-01-25 22:24:20,2026-01-25 22:24:20
130,65,VIDEO,1428,2025-12,2026-01-25 22:24:20,2026-01-25 22:24:20
131,66,VOICE,1987,2025-12,2026-01-25 22:24:20,2026-01-25 22:24:20
132,66,VIDEO,1209,2025-12,2026-01-25 22:24:20,2026-01-25 22:24:20
133,67,VOICE,1073,2025-12,2026-01-25 22:24:20,2026-01-25 22:24:20
134,67,VIDEO,1260,2025-12,2026-01-25 22:24:20,2026-01-25 22:24:20
135,68,VOICE,534,2025-12,2026-01-25 22:24:20,2026-01-25 22:24:20
136,68,VIDEO,1051,2025-12,2026-01-25 22:24:20,2026-01-25 22:24:20
137,69,VOICE,502,2025-12,2026-01-25 22:24:20,2026-01-25 22:24:20
138,69,VIDEO,1310,2025-12,2026-01-25 22:24:20,2026-01-25 22:24:20
139,70,VOICE,242,2025-12,2026-01-25 22:24:20,2026-01-25 22:24:20
140,70,VIDEO,1043,2025-12,2026-01-25 22:24:20,2026-01-25 22:24:20
141,71,VOICE,775,2025-12,2026-01-25 22:24:20,2026-01-25 22:24:20
142,71,VIDEO,129,2025-12,2026-01-25 22:24:20,2026-01-25 22:24:20
143,72,VOICE,1771,2025-12,2026-01-25 22:24:20,2026-01-25 22:24:20
144,72,VIDEO,1431,2025-12,2026-01-25 22:24:20,2026-01-25 22:24:20
145,73,VOICE,1963,2025-12,2026-01-25 22:24:20,2026-01-25 22:24:20
146,73,VIDEO,1173,2025-12,2026-01-25 22:24:20,2026-01-25 22:24:20
147,74,VOICE,1763,2025-12,2026-01-25 22:24:20,2026-01-25 22:24:20
148,74,VIDEO,1748,2025-12,2026-01-25 22:24:20,2026-01-25 22:24:20
149,75,VOICE,1993,2025-12,2026-01-25 22:24:20,2026-01-25 22:24:20
150,75,VIDEO,421,2025-12,2026-01-25 22:24:20,2026-01-25 22:24:20
151,76,VOICE,1742,2025-12,2026-01-25 22:24:20,2026-01-25 22:24:20
152,76,VIDEO,705,2025-12,2026-01-25 22:24:20,2026-01-25 22:24:20
153,77,VOICE,491,2025-12,2026-01-25 22:24:20,2026-01-25 22:24:20
154,77,VIDEO,1456,2025-12,2026-01-25 22:24:20,2026-01-25 22:24:20
155,78,VOICE,761,2025-12,2026-01-25 22:24:20,2026-01-25 22:24:20
156,78,VIDEO,1726,2025-12,2026-01-25 22:24:20,2026-01-25 22:24:20
157,79,VOICE,1869,2025-12,2026-01-25 22:24:20,2026-01-25 22:24:20
158,79,VIDEO,1884,2025-12,2026-01-25 22:24:20,2026-01-25 22:24:20
159,80,VOICE,723,2025-12,2026-01-25 22:24:20,2026-01-25 22:24:20
160,80,VIDEO,1984,2025-12,2026-01-25 22:24:20,2026-01-25 22:24:20
161,81,VOICE,923,2025-12,2026-01-25 22:24:20,2026-01-25 22:24:20
162,81,VIDEO,681,2025-12,2026-01-25 22:24:20,2026-01-25 22:24:20
163,82,VOICE,807,2025-12,2026-01-25 22:24:20,2026-01-25 22:24:20
164,82,VIDEO,132,2025-12,2026-01-25 22:24:20,2026-01-25 22:24:20
165,83,VOICE,626,2025-12,2026-01-25 22:24:20,2026-01-25 22:24:20
166,83,VIDEO,1803,2025-12,2026-01-25 22:24:20,2026-01-25 22:24:20
167,84,VOICE,874,2025-12,2026-01-25 22:24:20,2026-01-25 22:24:20
168,84,VIDEO,170,2025-12,2026-01-25 22:24:20,2026-01-25 22:24:20
169,85,VOICE,1660,2025-12,2026-01-25 22:24:20,2026-01-25 22:24:20
170,85,VIDEO,550,2025-12,2026-01-25 22:24:20,2026-01-25 22:24:20
171,86,VOICE,1383,2025-12,2026-01-25 22:24:20,2026-01-25 22:24:20
172,86,VIDEO,1863,2025-12,2026-01-25 22:24:20,2026-01-25 22:24:20
173,87,VOICE,1548,2025-12,2026-01-25 22:24:20,2026-01-25 22:24:20
174,87,VIDEO,1316,2025-12,2026-01-25 22:24:20,2026-01-25 22:24:20
175,88,VOICE,1310,2025-12,2026-01-25 22:24:20,2026-01-25 22:24:20
176,88,VIDEO,508,2025-12,2026-01-25 22:24:20,2026-01-25 22:24:20
177,89,VOICE,1405,2025-12,2026-01-25 22:24:20,2026-01-25 22:24:20
178,89,VIDEO,1673,2025-12,2026-01-25 22:24:20,2026-01-25 22:24:20
179,90,VOICE,1481,2025-12,2026-01-25 22:24:20,2026-01-25 22:24:20
180,90,VIDEO,612,2025-12,2026-01-25 22:24:20,2026-01-25 22:24:20
181,91,VOICE,447,2025-12,2026-01-25 22:24:20,2026-01-25 22:24:20
182,91,VIDEO,1584,2025-12,2026-01-25 22:24:20,2026-01-25 22:24:20
183,92,VOICE,722,2025-12,2026-01-25 22:24:20,2026-01-25 22:24:20
184,92,VIDEO,1385,2025-12,2026-01-25 22:24:20,2026-01-25 22:24:20
185,93,VOICE,565,2025-12,2026-01-25 22:24:20,2026-01-25 22:24:20
186,93,VIDEO,338,2025-12,2026-01-25 22:24:20,2026-01-25 22:24:20
187,94,VOICE,685,2025-12,2026-01-25 22:24:20,2026-01-25 22:24:20
188,94,VIDEO,1338,2025-12,2026-01-25 22:24:20,2026-01-25 22:24:20
189,95,VOICE,515,2025-12,2026-01-25 22:24:20,2026-01-25 22:24:20
190,95,VIDEO,1885,2025-12,2026-01-25 22:24:20,2026-01-25 22:24:20
191,96,VOICE,1077,2025-12,2026-01-25 22:24:20,2026-01-25 22:24:20
192,96,VIDEO,1101,2025-12,2026-01-25 22:24:20,2026-01-25 22:24:20
193,97,VOICE,1466,2025-12,2026-01-25 22:24:20,2026-01-25 22:24:20
194,97,VIDEO,1380,2025-12,2026-01-25 22:24:20,2026-01-25 22:24:20
195,98,VOICE,771,2025-12,2026-01-25 22:24:20,2026-01-25 22:24:20
196,98,VIDEO,383,2025-12,2026-01-25 22:24:20,2026-01-25 22:24:20
197,99,VOICE,247,2025-12,2026-01-25 22:24:20,2026-01-25 22:24:20
198,99,VIDEO,1566,2025-12,2026-01-25 22:24:20,2026-01-25 22:24:20
199,100,VOICE,916,2025-12,2026-01-25 22:24:20,2026-01-25 22:24:20
200,100,VIDEO,1409,2025-12,2026-01-25 22:24:20,2026-01-25 22:24:20
201,101,VOICE,910,2025-12,2026-01-25 22:24:20,2026-01-25 22:24:20
202,101,VIDEO,1614,2025-12,2026-01-25 22:24:20,2026-01-25 22:24:20
203,102,VOICE,1715,2025-12,2026-01-25 22:24:20,2026-01-25 22:24:20
204,102,VIDEO,1208,2025-12,2026-01-25 22:24:20,2026-01-25 22:24:20
205,103,VOICE,838,2025-12,2026-01-25 22:24:20,2026-01-25 22:24:20
206,103,VIDEO,505,2025-12,2026-01-25 22:24:20,2026-01-25 22:24:20
207,104,VOICE,1182,2025-12,2026-01-25 22:24:20,2026-01-25 22:24:20
208,104,VIDEO,1138,2025-12,2026-01-25 22:24:20,2026-01-25 22:24:20
209,105,VOICE,434,2025-12,2026-01-25 22:24:20,2026-01-25 22:24:20
210,105,VIDEO,700,2025-12,2026-01-25 22:24:20,2026-01-25 22:24:20
211,106,VOICE,120,2025-12,2026-01-25 22:24:20,2026-01-25 22:24:20
212,106,VIDEO,1364,2025-12,2026-01-25 22:24:20,2026-01-25 22:24:20
213,107,VOICE,1230,2025-12,2026-01-25 22:24:20,2026-01-25 22:24:20
214,107,VIDEO,1853,2025-12,2026-01-25 22:24:20,2026-01-25 22:24:20
215,108,VOICE,1888,2025-12,2026-01-25 22:24:20,2026-01-25 22:24:20
216,108,VIDEO,1369,2025-12,2026-01-25 22:24:20,2026-01-25 22:24:20
217,109,VOICE,121,2025-12,2026-01-25 22:24:20,2026-01-25 22:24:20
218,109,VIDEO,740,2025-12,2026-01-25 22:24:20,2026-01-25 22:24:20
219,110,VOICE,245,2025-12,2026-01-25 22:24:20,2026-01-25 22:24:20
220,110,VIDEO,1954,2025-12,2026-01-25 22:24:20,2026-01-25 22:24:20
221,111,VOICE,1660,2025-12,2026-01-25 22:24:20,2026-01-25 22:24:20
222,111,VIDEO,1884,2025-12,2026-01-25 22:24:20,2026-01-25 22:24:20
223,112,VOICE,1056,2025-12,2026-01-25 22:24:20,2026-01-25 22:24:20
224,112,VIDEO,510,2025-12,2026-01-25 22:24:20,2026-01-25 22:24:20
225,113,VOICE,316,2025-12,2026-01-25 22:24:20,2026-01-25 22:24:20
226,113,VIDEO,553,2025-12,2026-01-25 22:24:20,2026-01-25 22:24:20
227,114,VOICE,105,2025-12,2026-01-25 22:24:20,2026-01-25 22:24:20
228,114,VIDEO,1924,2025-12,2026-01-25 22:24:20,2026-01-25 22:24:20
229,115,VOICE,964,2025-12,2026-01-25 22:24:20,2026-01-25 22:24:20
230,115,VIDEO,1936,2025-12,2026-01-25 22:24:20,2026-01-25 22:24:20
231,116,VOICE,1488,2025-12,2026-01-25 22:24:20,2026-01-25 22:24:20
232,116,VIDEO,362,2025-12,2026-01-25 22:24:20,2026-01-25 22:24:20
233,117,VOICE,1284,2025-12,2026-01-25 22:24:20,2026-01-25 22:24:20
234,117,VIDEO,1855,2025-12,2026-01-25 22:24:20,2026-01-25 22:24:20
235,118,VOICE,1134,2025-12,2026-01-25 22:24:20,2026-01-25 22:24:20
236,118,VIDEO,632,2025-12,2026-01-25 22:24:20,2026-01-25 22:24:20
237,119,VOICE,1398,2025-12,2026-01-25 22:24:20,2026-01-25 22:24:20
238,119,VIDEO,206,2025-12,2026-01-25 22:24:20,2026-01-25 22:24:20
239,120,VOICE,405,2025-12,2026-01-25 22:24:20,2026-01-25 22:24:20
240,120,VIDEO,1994,2025-12,2026-01-25 22:24:20,2026-01-25 22:24:20
241,121,VOICE,862,2025-12,2026-01-25 22:24:20,2026-01-25 22:24:20
242,121,VIDEO,1822,2025-12,2026-01-25 22:24:20,2026-01-25 22:24:20
243,122,VOICE,1193,2025-12,2026-01-25 22:24:20,2026-01-25 22:24:20
244,122,VIDEO,561,2025-12,2026-01-25 22:24:20,2026-01-25 22:24:20
245,123,VOICE,826,2025-12,2026-01-25 22:24:20,2026-01-25 22:24:20
246,123,VIDEO,464,2025-12,2026-01-25 22:24:20,2026-01-25 22:24:20
